"Title","WorkoutType","WorkoutDescription","PlannedDuration","PlannedDistanceInMeters","WorkoutDay","CoachComments","DistanceInMeters","PowerAverage","PowerMax","Energy","AthleteComments","TimeTotalInHours","VelocityAverage","VelocityMax","CadenceAverage","CadenceMax","HeartRateAverage","HeartRateMax","TorqueAverage","TorqueMax","IF","TSS","HRZone1Minutes","HRZone2Minutes","HRZone3Minutes","HRZone4Minutes","HRZone5Minutes","HRZone6Minutes","HRZone7Minutes","HRZone8Minutes","HRZone9Minutes","HRZone10Minutes","PWRZone1Minutes","PWRZone2Minutes","PWRZone3Minutes","PWRZone4Minutes","PWRZone5Minutes","PWRZone6Minutes","PWRZone7Minutes","PWRZone8Minutes","PWRZone9Minutes","PWRZone10Minutes","Rpe","Feeling"
"Running","Run","","","","2025-07-24","","7018.3701171875","267","366","677.864","","0.703993082046509","2.76900005340576","","162","","149","170","","","1.03553063493539","74.16","3","10","7","12","7","4","0","","","","1","0","5","21","14","2","","","","","5","3"
"Walking","Walk","","","","2025-07-25","","1260.01000976563","","","","","0.391536921262741","0.893999993801117","","72","","87","95","","","0.318452353318935","4.3","23","0","0","0","0","0","0","","","","","","","","","","","","","","",""
"Running","Run","","","","2025-07-26","","12002.1103515625","257","383","1176.325","","1.26648938655853","2.63199996948242","","160","","153","172","","","1.00117774359855","125.79","2","12","13","23","12","13","1","","","","3","1","7","50","13","2","","","","","9","3"
"Running","Run","","","","2025-07-28","","8913.5400390625","257","429","829.94","","0.898157238960266","2.75699996948242","","157","","163","187","","","1.03852022001959","95.9","1","8","8","5","2","6","24","","","","6","2","6","12","24","4","","","","","8","3"
"Running","Run","","","","2025-07-30","","8011.97021484375","254","353","770.247","","0.843195557594299","2.63899993896484","","162","","148","160","","","0.969391368609796","78.26","1","9","17","24","0","0","0","","","","0","0","6","42","1","0","","","","","7","1"
"Strength","Strength","","","","2025-07-31","","0","","","","","1.57850909233093","0","","","","96","142","","","0.579409859663858","59.37","92","2","0","0","0","0","0","","","","","","","","","","","","","","",""
"Walking","Walk","","","","2025-07-31","","2948.14990234375","","","","","1.07548475265503","0.760999977588654","","57","","81","98","","","0.293464501919376","10.28","65","0","0","0","0","0","0","","","","","","","","","","","","","","",""
"Walking","Walk","","","","2025-08-01","","9218.150390625","","","","","2.39390921592712","1.07000005245209","","81","","92","116","","","0.362206040347576","35.56","144","0","0","0","0","0","0","","","","","","","","","","","","","","",""
"Strength","Strength","","","","2025-08-01","","0","","","","","1.61404871940613","0","","","","108","150","","","0.597745808816555","64.65","91","5","1","0","0","0","0","","","","","","","","","","","","","","",""
"Walking","Walk","","","","2025-08-02","","4298.2900390625","","","","","1.01193356513977","1.17999994754791","","92","","86","100","","","0.389780221413564","17.04","61","0","0","0","0","0","0","","","","","","","","","","","","","","",""
"Running","Run","","","","2025-08-02","","15007.330078125","262","346","1445.241","","1.53252327442169","2.72000002861023","","164","","157","185","","","1.00156290603537","153.6","3","24","7","6","5","23","25","","","","1","0","11","66","14","0","","","","","8","1"
"Strength","Strength","","","","2025-08-03","","0","","","","","1.50546813011169","0","","","","94","136","","","0.577811972920421","56.24","90","0","0","0","0","0","0","","","","","","","","","","","","","","",""
"Strength","Strength","","","","2025-08-06","","0","","","","","2.36827111244202","0","","","","92","140","","","0.569221208187424","86.86","141","1","0","0","0","0","0","","","","","","","","","","","","","","",""
"Running","Run","","","","2025-08-06","","9002.16015625","267","432","859.709","","0.892657220363617","2.80100011825562","","165","","163","186","","","1.04185892631697","94.93","1","7","3","7","2","10","23","","","","2","0","6","29","14","4","","","","","7","1"
"Strength","Strength","","","","2025-08-07","","0","","","","","1.44388175010681","0","","","","94","138","","","0.572930812994752","52.99","85","1","0","0","0","0","0","","","","","","","","","","","","","","",""
"Running","Run","","","","2025-08-08","","9005.5703125","260","372","888.709","","0.949780285358429","2.6340000629425","","164","","156","172","","","0.995957052955584","93.54","1","5","3","29","10","9","0","","","","0","1","6","41","8","1","","","","","8","3"
"Running","Run","","","","2025-08-09","","17043.509765625","272","437","1646.693","","1.68280029296875","2.81299996376038","","165","","166","188","","","1.04348419759322","181.92","1","6","9","18","2","9","57","","","","1","1","5","60","31","4","","","","","9","1"
"Walking","Walk","","","","2025-08-10","","1906.66003417969","","","","","0.612091660499573","0.865000009536743","","69","","85","99","","","0.31109003300106","6.48","37","0","0","0","0","0","0","","","","","","","","","","","","","","",""
"Strength","Strength","","","","2025-08-11","","0","","","","","2.38360810279846","0","","","","95","139","","","0.575363999496472","89.33","143","0","0","0","0","0","0","","","","","","","","","","","","","","",""
"Running","Run","","","","2025-08-12","","7074.02001953125","228","539","697.651","","0.846934735774994","2.3199999332428","","158","","151","189","","","1.10855473955547","104.48","2","16","7","13","2","5","6","","","","7","21","6","5","2","10","","","","","7","1"
"Strength","Strength","","","","2025-08-13","","0","","","","","1.24179577827454","0","","","","92","150","","","0.571484631388656","45.17","73","1","0","0","0","0","0","","","","","","","","","","","","","","",""
"Strength","Strength","","","","2025-08-14","","0","","","","","1.21267437934875","0","","","","90","120","","","0.566605203240416","43.33","73","0","0","0","0","0","0","","","","","","","","","","","","","","",""
"Walking","Walk","","","","2025-08-15","","6498.8798828125","","","","","1.75595104694366","1.02799999713898","","79","","86","114","","","0.351296516412294","24.34","105","0","0","0","0","0","0","","","","","","","","","","","","","","",""
"Running","Run","","","","2025-08-15","","7030.7998046875","274","347","669.551","","0.679615020751953","2.87400007247925","","167","","164","175","","","1.04391487581163","73.27","0","0","0","3","12","23","2","","","","0","0","1","26","14","1","","","","","6","1"
"Running","Run","","","","2025-08-16","","10012.2802734375","258","322","951.069","","1.02280807495117","2.71900010108948","","167","","156","172","","","0.981487512796983","97.71","1","5","6","24","11","13","0","","","","0","0","1","59","1","0","","","","","7","1"
"Walking","Walk","","","","2025-08-18","","2415.4599609375","","","","","1.06157886981964","0.632000029087067","","46","","71","92","","","0.236150940833666","6.57","64","0","0","0","0","0","0","","","","","","","","","","","","","","",""
"Running","Run","","","","2025-08-19","","9517.3603515625","267","444","877.933","","0.913711428642273","2.89299988746643","","159","","157","178","","","1.09085336124033","106.87","3","11","2","3","4","19","12","","","","6","2","3","8","26","9","","","","","7","1"
"Strength","Strength","","","","2025-08-20","","0","","","","","1.49430370330811","0","","","","83","139","","","0.544131051640209","49.5","89","0","0","0","0","0","0","","","","","","","","","","","","","","",""
"Strength","Strength","","","","2025-08-21","","0","","","","","1.11384999752045","0","","","","99","143","","","0.587268156868948","42.67","66","0","0","0","0","0","0","","","","","","","","","","","","","","",""
"Running","Run","","","","2025-08-22","","9011.5","270","460","858.382","","0.882993638515472","2.83500003814697","","165","","157","175","","","1.02712781111511","92.02","1","2","5","22","9","11","2","","","","0","0","0","42","10","0","","","","","5","1"
"Running","Run","","","","2025-08-23","","19043.990234375","263","349","1842.909","","1.94241619110107","2.72300004959106","","164","","156","186","","","1.01504130249797","199.56","4","11","11","51","12","14","14","","","","1","2","13","74","22","4","","","","","9","1"
"Pilates","Other","","","","2025-08-24","","0","","","","","0.0276711098849773","0","","","","88","99","","","0.598164982446359","1.01","2","0","0","0","0","0","0","","","","","","","","","","","","","","",""
"Strength","Strength","","","","2025-08-25","","0","","","","","2.22227215766907","0","","","","92","155","","","0.564068049390338","79.9","132","1","0","0","0","0","0","","","","","","","","","","","","","","",""
"Running","Run","","","","2025-08-26","","8568.900390625","267","490","806.198","","0.838528335094452","2.83899998664856","","157","","161","184","","","1.1143473617541","103","3","5","6","10","3","3","20","","","","7","0","2","13","12","16","","","","","8","1"
"Strength","Strength","","","","2025-08-27","","0","","","","","1.43675863742828","0","","","","86","131","","","0.55384730738706","49.26","86","0","0","0","0","0","0","","","","","","","","","","","","","","",""
"Strength","Strength","","","","2025-08-28","","0","","","","","1.30680978298187","0","","","","99","136","","","0.586487304564001","50.12","78","1","0","0","0","0","0","","","","","","","","","","","","","","",""
"Running","Run","","","","2025-08-29","","10006.9501953125","273","350","951.594","","0.968194723129272","2.87100005149841","","165","","","","","","1.0401649496376","103.63","","","","","","","","","","","0","0","0","39","18","1","","","","","6","1"
"Running","Run","","","","2025-08-30","","21110.4296875","290","461","2077.6","","1.98994779586792","2.94700002670288","","166","","","","","","1.10895502417468","244.14","","","","","","","","","","","1","0","0","39","68","12","","","","","9","1"
"Running","Run","","","","2025-09-02","","9043.2802734375","296","370","869.217","","0.812749147415161","3.09100008010864","","167","","170","189","","","1.15303278413949","105.55","1","3","4","5","2","3","30","","","","1","0","1","15","16","16","","","","","8","1"
"Strength","Strength","","","","2025-09-03","","0","","","","","0.884782254695892","0","","","","79","120","","","0.540867631590359","28.58","53","0","0","0","0","0","0","","","","","","","","","","","","","","",""
"Running","Run","","","","2025-09-05","","24006.939453125","241","363","2293.916","","2.64321684837341","2.52300000190735","","167","","150","177","","","0.926384731925576","226.92","11","26","27","63","15","10","6","","","","2","4","69","77","5","2","","","","","9","1"
"Pilates","Other","","","","2025-09-07","","0","","","","","0.833547234535217","0","","28","","98","120","","","0.595412474417985","32.58","50","0","0","0","0","0","0","","","","","","","","","","","","","","",""
"Walking","Walk","","","","2025-09-08","","3177.07006835938","","","","","1.34371447563171","0.657000005245209","","51","","70","110","","","0.256665162668868","9.88","81","0","0","0","0","0","0","","","","","","","","","","","","","","",""
"Strength","Strength","","","","2025-09-08","","0","","","","","2.00649833679199","0","","","","96","143","","","0.580587007653307","76.24","119","2","0","0","0","0","0","","","","","","","","","","","","","","",""
"Walking","Walk","","","","2025-09-09","","2639.61010742188","","","","","0.930133581161499","0.787999987602234","","61","","75","112","","","0.296458002106732","9.04","56","0","0","0","0","0","0","","","","","","","","","","","","","","",""
"Running","Run","","","","2025-09-09","","7316.919921875","266","437","669.141","","0.699276149272919","2.90700006484985","","158","","156","189","","","1.13204838905559","88.65","5","7","2","6","4","5","13","","","","8","0","3","8","3","19","","","","","7","1"
"Strength","Strength","","","","2025-09-10","","0","","","","","1.33199417591095","0","","","","87","132","","","0.558478752581843","46.35","80","0","0","0","0","0","0","","","","","","","","","","","","","","",""
"Walking","Walk","","","","2025-09-10","","1358.96997070313","","","","","0.520307779312134","0.726000010967255","","58","","73","117","","","0.2607113527496","3.85","31","0","0","0","0","0","0","","","","","","","","","","","","","","",""
"Walking","Walk","","","","2025-09-10","","5615.81005859375","","","","","1.45760655403137","1.07000005245209","","90","","72","99","","","0.349509927373015","19.91","87","0","0","0","0","0","0","","","","","","","","","","","","","","",""
"Strength","Strength","","","","2025-09-11","","0","","","","","1.67060005664825","0","","","","102","146","","","0.590211863302004","65.3","97","3","0","0","0","0","0","","","","","","","","","","","","","","",""
"Running","Run","","","","2025-09-12","","10022.6796875","268","336","958.744","","0.993333876132965","2.80299997329712","","166","","163","176","","","1.02253954328227","103.04","1","0","0","8","21","25","4","","","","0","0","1","46","12","1","","","","","6","3"
"Running","Run","","","","2025-09-13","","12004.400390625","243","410","1143.137","","1.30344414710999","2.55800008773804","","163","","139","169","","","0.933788764010156","113.19","5","51","6","13","2","1","0","","","","0","0","39","34","3","1","","","","","7","1"
"Running","Run","","","","2025-09-15","","8809.3798828125","267","430","803.244","","0.835426986217499","2.92899990081787","","160","","163","188","","","1.12345066508429","104.55","3","6","6","7","3","4","22","","","","8","1","3","14","3","21","","","","","8","1"
"Strength","Strength","","","","2025-09-16","","0","","","","","2.01842617988586","0","","","","95","152","","","0.5729475448679","74.7","117","3","0","0","0","0","0","","","","","","","","","","","","","","",""
"Strength","Strength","","","","2025-09-17","","0","","","","","1.11544632911682","0","","","","73","105","","","0.53313699401443","35.22","67","0","0","0","0","0","0","","","","","","","","","","","","","","",""
"Running","Run","","","","2025-09-18","","10006.490234375","273","452","949.787","","0.966764211654663","2.875","","165","","168","189","","","1.04483022119129","104.98","0","1","1","5","8","17","26","","","","0","0","3","32","21","1","","","","","4","1"
"Breathing","Other","","","","2025-09-18","","","","","","","0.092777781188488","","","","","60","75","","","0.53625416280951","2.79","6","0","0","0","0","0","0","","","","","","","","","","","","","","",""
"Strength","Strength","","","","2025-09-19","","0","","","","","0.641571938991547","0","","","","95","129","","","0.586026201905324","24.13","38","0","0","0","0","0","0","","","","","","","","","","","","","","",""
"Running","Run","","","","2025-09-20","","28009.23046875","266","372","2674.513","","2.79210996627808","2.78699994087219","","167","","156","186","","","1.02680110429357","293.4","5","36","18","47","13","13","36","","","","0","0","22","97","34","14","","","","","9","1"
"Strength","Strength","","","","2025-09-22","","0","","","","","2.0958685874939","0","","","","94","137","","","0.576315218187862","78.55","125","1","0","0","0","0","0","","","","","","","","","","","","","","",""
"Breathing","Other","","","","2025-09-22","","","","","","","0.092777781188488","","","","","57","75","","","0.53625416280951","2.79","6","0","0","0","0","0","0","","","","","","","","","","","","","","",""
"Walking","Walk","","","","2025-09-23","","3271.1201171875","","","","","1.00077164173126","0.907999992370605","","78","","84","115","","","0.293761318617809","9.57","60","0","0","0","0","0","0","","","","","","","","","","","","","","",""
"Running","Run","","","","2025-09-23","","10165.25","281","401","956.904","","0.945033013820648","2.98799991607666","","165","","158","189","","","1.11766838528825","117.43","3","16","1","7","5","6","20","","","","2","0","4","25","7","18","","","","","6","1"
"Strength","Strength","","","","2025-09-24","","0","","","","","1.11333465576172","0","","","","76","119","","","0.536402547306152","35.58","67","0","0","0","0","0","0","","","","","","","","","","","","","","",""
"Lap Swimming","Swim","","","","2025-09-24","","700","","","","","0.18425750096639","1.04790419161677","","21","","111","136","","","0.950996193971147","15.85","10","1","0","0","0","0","0","","","","","","","","","","","","","","7","1"
"Running","Run","","","","2025-09-25","","9010.0498046875","279","384","851.832","","0.84814977645874","2.95099997520447","","166","","157","170","","","1.06053277864934","94.48","1","1","1","30","12","6","0","","","","0","0","0","28","21","1","","","","","5","1"
"Strength","Strength","","","","2025-09-26","","0","","","","","1.81459844112396","0","","","","102","134","","","0.592351244650295","71.6","108","1","0","0","0","0","0","","","","","","","","","","","","","","",""
"Running","Run","","","","2025-09-27","","30005.23046875","280","426","2906.084","","2.8779034614563","2.89599990844727","","169","","165","185","","","1.08669688192966","339.25","1","4","3","41","28","41","55","","","","1","0","23","53","78","18","","","","","10","7"
"Strength","Strength","","","","2025-09-30","","0","","","","","2.10582971572876","0","","","","92","132","","","0.569346229063639","77.04","126","0","0","0","0","0","0","","","","","","","","","","","","","","",""
"Breathing","Other","","","","2025-09-30","","","","","","","0.0946202799677849","","","","","87","108","","","0.586821939345284","3.41","6","0","0","0","0","0","0","","","","","","","","","","","","","","",""
"Lap Swimming","Swim","","","","2025-09-30","","450","","","","","0.0980141650305854","1.26404494382022","","20","","109","134","","","1.14928988556685","14.88","5","1","0","0","0","0","0","","","","","","","","","","","","","","5","3"
"Strength","Strength","","","","2025-10-02","","0","","","","","1.39172470569611","0","","","","86","121","","","0.552971601160989","47.53","84","0","0","0","0","0","0","","","","","","","","","","","","","","",""
"Running","Run","","","","2025-10-02","","10010.2099609375","280","413","951.064","","0.943283081054688","2.94799995422363","","167","","162","179","","","1.06941558474302","107.03","1","1","1","16","9","23","5","","","","0","0","1","25","30","1","","","","","6","1"
"Other","Other","","","","2025-10-02","","4470.47021484375","","","","","1.464679479599","0.84799998998642","","4","","105","137","","","0.595506740338177","58.09","87","1","0","0","0","0","0","","","","","","","","","","","","","","",""
"Other","Other","","","","2025-10-03","","4836.0400390625","","","","","1.71003103256226","0.78600001335144","","3","","100","133","","","0.588263587869767","66.44","102","1","0","0","0","0","0","","","","","","","","","","","","","","",""
"Strength","Strength","","","","2025-10-04","","0","","","","","0.889569163322449","0","","","","104","132","","","0.601363587441515","35.53","53","0","0","0","0","0","0","","","","","","","","","","","","","","",""
"Other","Other","","","","2025-10-04","","7131","","","","","1.80619335174561","1.09700000286102","","3","","98","147","","","0.585703893399843","69.66","108","0","0","0","0","0","0","","","","","","","","","","","","","","",""
"Strength","Strength","","","","2025-10-04","","0","","","","","0.970216929912567","0","","","","102","145","","","0.597117642118888","38.3","58","0","0","0","0","0","0","","","","","","","","","","","","","","",""
"Running","Run","","","","2025-10-05","","34005.12109375","253","402","3181.292","","3.48944211006165","2.70700001716614","","165","","160","179","","","0.972524054292021","331.15","1","5","5","98","51","43","7","","","","2","1","49","135","20","3","","","","","9","1"
"Strength","Strength","","","","2025-10-07","","0","","","","","2.75290203094482","0","","","","107","151","","","0.594188301474181","110.42","162","3","0","0","0","0","0","","","","","","","","","","","","","","",""
"Other","Other","","","","2025-10-08","","4662.97998046875","","","","","1.58051943778992","0.819999992847443","","4","","102","153","","","0.593715393265964","62.42","88","6","1","0","0","0","0","","","","","","","","","","","","","","",""
"Strength","Strength","","","","2025-10-08","","0","","","","","1.2423769235611","0","","","","91","123","","","0.56689825408142","44.46","75","0","0","0","0","0","0","","","","","","","","","","","","","","",""
"Running","Run","","","","2025-10-09","","9009.150390625","299","440","851.495","","0.79031503200531","3.16700005531311","","167","","170","190","","","1.14820061533814","102.94","1","1","1","6","3","10","25","","","","0","0","0","9","28","10","","","","","7","1"
"Strength","Strength","","","","2025-10-10","","0","","","","","2.03030276298523","0","","","","88","125","","","0.559414573186411","71.64","122","0","0","0","0","0","0","","","","","","","","","","","","","","",""
"Running","Run","","","","2025-10-11","","10589.4501953125","291","481","980.629","","0.935350298881531","3.14499998092651","","162","","173","195","","","1.17617531666899","127.55","2","2","1","5","4","3","39","","","","6","0","0","6","20","23","","","","","8","1"
"Strength","Strength","","","","2025-10-12","","0","","","","","1.93301498889923","0","","","","91","128","","","0.567651207234633","70.15","116","0","0","0","0","0","0","","","","","","","","","","","","","","",""
"Strength","Strength","","","","2025-10-13","","0","","","","","1.35729777812958","0","","","","86","126","","","0.556583325692382","46.93","81","0","0","0","0","0","0","","","","","","","","","","","","","","",""
"Running","Run","","","","2025-10-14","","30661.4296875","251","344","2932.626","","3.23725724220276","2.63100004196167","","164","","156","177","","","0.966741644645679","302.88","2","12","34","70","27","41","7","","","","2","2","44","122","24","0","","","","","10","9"
"Strength","Strength","","","","2025-10-16","","0","","","","","0.835273325443268","0","","","","89","124","","","0.566562964541457","29.57","50","0","0","0","0","0","0","","","","","","","","","","","","","","",""
"Breathing","Other","","","","2025-10-17","","","","","","","0.092777781188488","","","","","87","101","","","0.58196249701429","3.28","6","0","0","0","0","0","0","","","","","","","","","","","","","","",""
"Walking","Walk","","","","2025-10-26","","2405.6201171875","","","","","0.602581381797791","1.10899996757507","","89","","78","92","","","0.383978197340552","9.72","36","0","0","0","0","0","0","","","","","","","","","","","","","","",""
"Strength","Strength","","","","2025-10-26","","0","","","","","1.55834138393402","0","","","","99","135","","","0.589008594317106","60.56","93","0","0","0","0","0","0","","","","","","","","","","","","","","",""
"Walking","Walk","","","","2025-10-27","","2547.52001953125","","","","","1.24976408481598","0.565999984741211","","43","","75","109","","","0.203989422080203","5.79","75","0","0","0","0","0","0","","","","","","","","","","","","","","",""
"Running","Run","","","","2025-10-27","","643","254","308","61.459","","0.0668327808380127","2.67199993133545","","159","","135","154","","","1.0109782613963","5.99","1","1","1","0","0","0","0","","","","0","0","0","3","1","0","","","","","1","9"
"Walking","Walk","","","","2025-10-28","","2730.84008789063","","","","","1.04374635219574","0.726999998092651","","56","","70","93","","","0.256903154744245","7.64","63","0","0","0","0","0","0","","","","","","","","","","","","","","",""
"Strength","Strength","","","","2025-10-28","","0","","","","","1.55857396125793","0","","","","82","110","","","0.547203601598184","52.28","94","0","0","0","0","0","0","","","","","","","","","","","","","","",""
"Lap Swimming","Swim","","","","2025-10-30","","850","","","","","0.175816112094455","1.328125","","22","","110","144","","","1.21022513673834","31.16","10","1","0","0","0","0","0","","","","","","","","","","","","","","4","5"
"Walking","Walk","","","","2025-10-30","","2629.3798828125","","","","","0.863481104373932","0.846000015735626","","70","","80","96","","","0.307513846889038","9.01","52","0","0","0","0","0","0","","","","","","","","","","","","","","",""
"Walking","Walk","","","","2025-10-31","","2679.7099609375","","","","","1.58380246162415","0.469999998807907","","34","","80","107","","","0.168383607780479","5.03","95","0","0","0","0","0","0","","","","","","","","","","","","","","",""
"Strength","Strength","","","","2025-10-31","","0","","","","","1.01277327537537","0","","","","92","125","","","0.57335162591923","36.89","61","0","0","0","0","0","0","","","","","","","","","","","","","","",""
"Indoor Cycling","Bike","","","","2025-11-01","","0","","","","","0.258950561285019","0","","","","85","108","","","0.560160024274823","8.7","16","0","0","0","0","0","0","","","","","","","","","","","","","","1","9"
"Walking","Walk","","","","2025-11-01","","2134.51000976563","","","","","1.0144819021225","0.583999991416931","","46","","75","106","","","0.247295427318234","6.87","61","0","0","0","0","0","0","","","","","","","","","","","","","","",""
"Walking","Walk","","","","2025-11-02","","1633.61999511719","","","","","0.555490553379059","0.816999971866608","","66","","74","92","","","0.295524045131073","5.3","33","0","0","0","0","0","0","","","","","","","","","","","","","","",""
"Strength","Strength","","","","2025-11-03","","0","","","","","0.264068067073822","0","","","","105","126","","","0.603663951518804","10.32","16","0","0","0","0","0","0","","","","","","","","","","","","","","",""
"Strength","Strength","","","","2025-11-04","","0","","","","","2.02320528030396","0","","","","111","145","","","0.597797361388087","81.51","117","4","0","0","0","0","0","","","","","","","","","","","","","","",""
"Strength","Strength","","","","2025-11-05","","0","","","","","0.537128329277039","0","","","","100","122","","","0.604516436515836","21.4","32","0","0","0","0","0","0","","","","","","","","","","","","","","",""
"Lap Swimming","Swim","","","","2025-11-07","","650","","","","","0.206919723616706","0.866666666666667","","24","","126","155","","","0.786352700274857","10.06","7","4","1","0","0","0","0","","","","","","","","","","","","","","6","5"
"Strength","Strength","","","","2025-11-08","","0","","","","","0.870864450931549","0","","","","90","131","","","0.568373497953426","31.06","52","0","0","0","0","0","0","","","","","","","","","","","","","","",""
"Running","Run","","","","2025-11-10","","2413.3701171875","177","272","213.082","","0.333961099386215","2.00699996948242","","149","","114","131","","","0.734055260734618","17.67","20","0","0","0","0","0","0","","","","6","2","12","0","0","0","","","","","1","5"
"Strength","Strength","","","","2025-11-11","","0","","","","","2.30174612998962","0","","","","100","138","","","0.561482493749334","82.08","137","1","0","0","0","0","0","","","","","","","","","","","","","","",""
"Running","Run","","","","2025-11-12","","3099.84008789063","236","334","284.037","","0.333621114492416","2.58100008964539","","153","","142","158","","","0.96172925008035","30.23","3","4","5","8","0","0","0","","","","4","0","1","12","3","0","","","","","7","3"
"Strength","Strength","","","","2025-11-13","","0","","","","","1.17032194137573","0","","","","84","118","","","0.526937465150918","36.14","70","0","0","0","0","0","0","","","","","","","","","","","","","","",""
"Running","Run","","","","2025-11-14","","3799.52001953125","239","337","358.57","","0.416685551404953","2.53299999237061","","156","","133","153","","","0.772087170661291","26.92","8","13","3","1","0","0","0","","","","5","0","1","12","7","0","","","","","3","3"
"Strength","Strength","","","","2025-11-15","","0","","","","","1.53790497779846","0","","","","108","161","","","0.600967461638664","62.2","90","1","0","1","0","0","0","","","","","","","","","","","","","","",""
"Running","Run","","","","2025-11-16","","4433.7001953125","225","390","405.132","","0.500077784061432","2.46300005912781","","158","","141","159","","","0.751265866427951","30.72","4","10","10","6","0","0","0","","","","6","0","5","18","1","0","","","","","4","5"
"Intro Week 1","Custom","","","","2025-11-17","","","","","","","","","","","","","","","","","","","","","","","","","","","","","","","","","","","","","","",""
"Run Basics - RPE","Run","RPE כלי חיוני עבור רצים, טריאתלטים וספורטאי סיבולת לניטור עצמי של עצימות האימון. בניגוד למדדים אבסולוטיים כמו קצב או דופק, הRPE מתחשב בגורמים פיזיולוגיים וסביבתיים משתנים, מה שהופך אותו למותאם במיוחד לדרישות הבלתי צפויות של ספורט סיבולת. הסולם הוא סובייקטיבי להערכת הקושי של האימון, נע מ-1 (קל מאוד) עד 10 (מאמץ מקסימלי). לא תסתכל על הקצב בשעון! לעבוד לפי תחושה. למצוא מסלול שטוח ככל הניתן על מנת שנוכל לנרמל את היחס של תחושת המאמץ לקצב (בסיום האימון).","0.583333333333333","","2025-11-17","לשים לב שבאימון מובנה על פי תחושת מאמץ, לא יופיע לך הנחיות קצב בשעון. זה תקין.","5924.1201171875","260","422","545.571"," *17/11/2025 Aviel Bitton: בוקר טוב, היה אימון מעולה, מרגיש חזק וטוב. ברכיים: כאב משתנה בין 0-4 מ10 במהלך הריצה, מורגש חולשה בברכיים אבל כן הרגיש משמעותית טוב יותר בריצה הקודמת מהלך ריצה: מעולה, 6-7 היה יותר 7-8 לדעתי, נהנתי מהאימון וההליכה עזרה גם למעברים וגם לברכיים קצת להתאושש בסוף (הדקה של ה8 מאמץ) הרגשתי כאבים בטן תחתונה, הרבה זמן לא עשיתי מאמץ כזה תודה היה כיף בוקר טוב*","0.583932757377625","2.81800007820129","","159","","161","190","","","0.863018649962011","47.51","2","6","2","4","2","6","13","","","","4","0","6","6","12","7","","","","","6","3"
"Strength","Strength","","","","2025-11-17","","0","","","","","1.68178248405457","0","","","","103","149","","","0.595313550695355","66.89","99","1","0","0","0","0","0","","","","","","","","","","","","","","6","3"
"Strength","Strength","","","","2025-11-18","","0","","",""," *18/11/2025 Aviel Bitton: משקלים נמוכים להתאוששות, הרגיש אחלה*","1.38472008705139","0","","","","78","136","","","0.524915026973386","42.61","83","0","0","0","0","0","0","","","","","","","","","","","","","","2","3"
"Run Basics - Pacing","Run","האימון הזה מיועד לפתח את השליטה בקצב. הריצה עוברת על טווח עבודה רחב - מתחילה בזון 1-2 ומתפתחת עד מעל הסף השני. האימון בנוי מפירמידות עולות. כדי לייצר אימון מוצלח, חשוב לא להתפתות להתחיל מהר מדי. המטרה היא לייצר גרף קצב יציב בכל מקטע. הקצב הממוצע הוא לא מה שמעניין, אלא גרף יציב ועקבי. אם פספסת את יעד הקצב, לא נורא. לתקן מיד כבר בשלב הבא בפירמידה, ולא לייצר טעות נגררת. נקודות לשים לב אליהן: דופק ונשימה - כיצד הגוף מגיב בכל אחד מהשלבים? טכניקה וקאדנס - האם שמת לב לשינוי בין הקצבים? התאוששות בסיום כל פירמידה - כמה זמן לוקח לחזור לתחושה של מוכנות לפירמידה הבאה?","0.616666666666667","","2025-11-19","","6018.81005859375","267","387","593.024"," *19/11/2025 Aviel Bitton: כללי: היה אחלה, משום מה בהתחלה הרגשתי ממש חלש ובמהלך הריצה השתפר בכל אופן לא הרגשתי בשיא, גם משום מה היה לי לא קל לעקוב אחרי הקצב בשעון  רצתי קצת יותר מהר, בדרך כלל אני כן מצליח סביבה: 1. ריצה ראשונה עם רצועת ריצה 2. כמעט כל הריצה שמש ישירה עליי כאבים: ב5 דק הראשונות (חימום ללא קשר לריצה) כאבים יחסית חזקים, 5-6/10 אחרי זה מתיחות ובמהלך הריצה עם הזמן השתפר משמעותית , בחמש דק האחרונות של הריצה לא היו לי כאבים בכלל בדקה הכי מהירה גם הורגש כאב*","0.617909491062164","2.70600008964539","","162","","158","194","","","0.838575783444522","47.57","14","10","5","4","2","2","0","","","","2","1","1","18","13","2","","","","","4","3"
"Strength","Strength","","","","2025-11-20","","0","","",""," *21/11/2025 Daniel Berzan: Upper? שילבת רגליים?* *21/11/2025 Aviel Bitton: זה היה upper כן, עשיתי רק מתיחות 10 דק* *21/11/2025 Aviel Bitton: מבחינת רגליים*","2.55512595176697","0","","","","106","151","","","0.571820342085705","94.74","153","0","0","0","0","0","0","","","","","","","","","","","","","","6","3"
"Long Slow Distance (LSD) HR","Run","מטרת האימון: עבודה מתחת לסף הראשון - שיפור היעילות המטבולית (שימוש בשומן), צפיפות המיטוכונדריה, נפח הפעימה, יעילות ריצה. כל אלו קריטיים כדי להצליח לשפר את היכולת להחזיק לאורך זמן במהירויות גבוהות יותר. יש להעזר בתחושת המאמץ (RPE) לקבוע את הקצב המדויק שלך בתוך טווח זה. לכוון לקצב שמרגיש נוח מאוד, שאינו עולה על 3 בסולם של 1-10. זה מסוג האימונים שצריכים לעמוד במבחן הדיבור. לפי העייפות, מזג האוויר, טופוגרפיה, וגורמים אחרים, הדבר עשוי להוביל לשינויים משמעותיים בקצב שלך בין ואפילו בתוך ריצות. זה בסדר.","1.05","","2025-11-21","דגשים טכניים: שמירה על קצב אחיד במקטע זון 2, לא להתפתות להגביר את הקצב חשוב לתכנן שתייה ותזונה תוך כדי! זה חלק משמעותי בהצלחת האימון. תזונה: לפני: פחמימות בערך שעה לפני האימון, שתייה תו״כ: שתייה קבועה (כולל מלחים) בריצות מעל שעתיים - פחמימות ~60 גרם לשעה אחרי: חלבון + פחמימה + נוזלים ואלקטרוליטים","9623.0703125","263","345","994.966"," *21/11/2025 Aviel Bitton: סיימתי את השעה, היה קליל, אחלה מזג אוויר, דיי דבקתי בתכנית. כאבים - מקטע 1 - 3/10 מקטע 2 - 1-2/10 מקטע 3 - כמעט ללא כאב מקטע 4 - כמעט ללא כאב, רק ממש בדקה שתיים האחרונות כאב מתגבר מבחינתי שבוע הבא עדיין להתייחס להחלמה בברכיים אבל אפשר להעלות עומס שבת שלום בוייס*","1.05063438415527","2.54399991035461","","162","","152","168","","","0.803167652803309","75.17","33","29","1","0","0","0","0","","","","3","0","3","39","18","0","","","","","3","3"
"Optional - Easy Recovery Run (RPE)","Run","הריצה צריכה להיות בקצב קל מאוד. המנטליות - ריצת התאוששות/ג׳וגינג. המספרים פחות חשוב, אך כן נכון לשמור על מאמץ יציב לאורך האימון וללא שינויי עצימות (קצב). דופק צריך להשאר נמוך ויציב, ללא מגמת עלייה.","0.5","","2025-11-23","","4791.14990234375","274","418","494.78"," *23/11/2025 Aviel Bitton: בוקר טוב, סיימתי את האימון 30 דק אווירה, היה קליל משעמם רצתי רצוף כאבים חלשים אבל מורגשים. שבוע טיל*","0.500588595867157","2.65899991989136","","167","","152","170","","","0.825857933000712","37.17","20","9","1","0","0","0","0","","","","0","0","0","18","11","1","","","","","3","3"
"Base 1 Week 2","Custom","","","","2025-11-24","","","","","","","","","","","","","","","","","","","","","","","","","","","","","","","","","","","","","","",""
"Cruise Intervals Run 6/3*4","Run","אימון סביב הסף השני (Threshold) מטרת האימון: לשפר את היכולת של הגוף לעבוד קרוב לסף השני תוך שמירה על יציבות לקטט (steady-state). ההשפעות הפיזיולוגיות העיקריות: שיפור היכולת לפנות לקטט ולשמור על רמות יציבות העלאת הסף השני (LT2/VT2) שיפור בצפיפות המיטוכונדריה ויכולת ניצול חמצן עצימות: תחושת מאמץ 7 מתוך 10 מאמץ “קשה אך נשלט” - כזה שאפשר להחזיק 20-40 דקות בלי להתפרק. כללים לביצוע נכון: המטרה היא לשמור על קצב יציב ונשלט, ללא פרוגרסיביות משמעותית. אם האימון מחולק למקטעים (למשל 3*10 דקות/ 4*6 וכו׳), כל המקטעים צריכים להיות בקצב דומה. עדיפות למסלול שטוח, אך אם יש ירידות/עליות קלות לשמור על מאמץ - לא על קצב באילו מדדים משתמשים? קצב או וואטים הם המדויקים ביותר דופק יכול להיות כלי מעקב אבל לא להכתיב את העצימות","1.01666666666667","","2025-11-24","דגשים טכניים: יציבה ואחיזת הגוף - לא לתת לקצב המהיר לגרוע מהטכניקה. למצוא ״מהירות שיוט״ - עדיף להוריד 5 שניות לק״מ על פני קצב שמביא אותך לחוסר שליטה הנשימה צריכה להרגיש נשלטת ובקצב קבוע - כשהיא יוצאת משליטה זה סימן שהקצב הרבה יותר מדי מהיר. אם האימון מתחיל להרגיש מאתגר אחרי כ-15 דקות במצטבר בקצב המטרה, זה סימן שהוא מנוהל נכון תזונה: לפני: פחמימה כשעה לפני (בננה, טוסט עם ריבה וכו׳) ומים תוך כדי: בריצות קצרות (פחות מ-60 דק’) - אפשר לקחת ג׳ל אחד כ-5-10 דק׳ לפני החזרה הראשונה מעל 60 דק’ - תוספת פחמימות 30–60 גרם לשעה","10008.98046875","265","340","970.156"," *24/11/2025 Aviel Bitton: ריצת אינטרוולים: לפני האימון - התחלתי בשלוש ריצה קלה ואז עשיתי חימום דינמי (ללא קשר לאימון, ללא הפעלת שעון) האימון - ריצה רצופה מלאה ללא הליכות, כאב חלש מאוד בברכיים עד כדי לא מורגש, הרגשתי חזק. אחרי האינטרוול השני - עשיתי 20 שניות פיפי (עצרתי שעון) זה העצירה היחידה. כל שאר האימון - יציב, מרגיש בשליטה, גם בקצבים. תחושה כללית - לא אתגר אותי בכלל, לא הרגשתי מאמץ, בניגוד למטרת האימון להרגיש מאמץ, הרגשתי שכדי להתאמץ צריך להוריד קצב (דבקתי בתכנית) מזג אוויר טוב, הרגשתי טוב, הכל היה טוב*","1.01703774929047","2.73399996757507","","169","","149","172","","","1.02118773571177","105.37","36","17","8","0","0","0","0","","","","0","0","16","20","24","1","","","","","3","3"
"Strength","Strength","","","","2025-11-25","","0","","",""," *25/11/2025 Aviel Bitton: Upper*","2.38038921356201","0","","","","101","142","","","0.564444950951987","85.85","143","0","0","0","0","0","0","","","","","","","","","","","","","","5","5"
"Strides + Easy Run (Pace)","Run","אימון ריצה בקצב קל לטובת הגדלת הנפח השבועי. המטרה היא לרוץ בקצב קל (זון 1-2) בו אפשר לדבר בנינוחות. אפשר לבחון את עצמך ולעשות שיחת טלפון, או לנסות לנשום מהאף בלבד. לבנות את הקצב והדופק בהדרגה. כמו כן, נבצע באימון זה סטריידס (הסבר ודגשים למטה)","1.01666666666667","","2025-11-26","סטריידס הוא סוג של ריצת ספרינט מתפתחת במאמץ תת-מירבי = 85-95% מהמהירות המירבית שלך. המהירות צריכה להתפתח בהדרגה, עם הרבה מאוד תשומת לב לטכניקה, אחיזת הגוף, תנועות הידיים, והפעלת הכוח. ביצוע של התרגול הזה מראה שיפור ביעילות הריצה אצל ספורטאים גם במהירויות נמוכות יותר. זה לא צריך להיות ספרינט אול-אאוט, אלא ספרינט נשלט ונינוח במובן מסוים. הסבר על סטריידס בסרטון. כדאי לצפות לפחות ב-3 דק׳ הראשונות במידה ומבצע בפעמים הראשונות (אבל שווה להשקיע עוד 4 דק׳ ולסיים את הסרטון): https://www.youtube.com/watch?v=jdjjl7LI9hQ&t=41s באימונים המובנים ניתן להתעלם מהערכים המוגדרים (קצב/דופק) - הם רק לטובת יצירת מסגרת הזמנים של אינטרוול/מנוחה","9869.240234375","260","488","951.726"," *26/11/2025 Aviel Bitton: אחלה אימון. מזג אוויר אחלה, שמש ישירה עלי במהלך רוב הריצה אבל לא השפיעה בתחושה. התפתחתי לקצב המהיר בשליטה, והורגש שהתאוששות אחרי הייתה טובה. כאבים קלים רק בספרינטים הראשונים לא משהו משמעותי. יום טיל*","1.01704692840576","2.69600009918213","","171","","149","190","","","0.834551138204105","78.52","45","9","1","4","2","1","0","","","","0","0","8","46","3","3","","","","","4","3"
"Strength","Strength","","","","2025-11-26","","0","","","","","1.1921215057373","0","","","","89","123","","","0.531513660147309","37.47","72","0","0","0","0","0","0","","","","","","","","","","","","","","",""
"Rest/Easy Day","Day Off","","","","2025-11-27","","","","","","","","","","","","","","","","","","","","","","","","","","","","","","","","","","","","","","",""
"Strength","Strength","","","","2025-11-27","","0","","",""," *27/11/2025 Aviel Bitton: Upper*","1.19726002216339","0","","","","96","144","","","0.550668538101094","40.4","72","0","0","0","0","0","0","","","","","","","","","","","","","","4","3"
"Long Slow Distance (LSD) Pace","Run","מטרת האימון: עבודה מתחת לסף הראשון - שיפור היעילות המטבולית (שימוש בשומן), צפיפות המיטוכונדריה, נפח הפעימה, יעילות ריצה. כל אלו קריטיים כדי להצליח לשפר את היכולת להחזיק לאורך זמן במהירויות גבוהות יותר. יש להעזר בתחושת המאמץ (RPE) לקבוע את הקצב המדויק שלך בתוך טווח זה. לכוון לקצב שמרגיש נוח מאוד, שאינו עולה על 3 בסולם של 1-10. זה מסוג האימונים שצריכים לעמוד במבחן הדיבור. לפי העייפות, מזג האוויר, טופוגרפיה, וגורמים אחרים, הדבר עשוי להוביל לשינויים משמעותיים בקצב שלך בין ואפילו בתוך ריצות. זה בסדר.","1.16666666666667","","2025-11-28","דגשים טכניים: שמירה על קצב אחיד במקטע זון 2, לא להתפתות להגביר את הקצב חשוב לתכנן שתייה ותזונה תוך כדי! זה חלק משמעותי בהצלחת האימון. תזונה: לפני: פחמימות בערך שעה לפני האימון, שתייה תו״כ: שתייה קבועה (כולל מלחים) בריצות מעל שעתיים - פחמימות ~60 גרם לשעה אחרי: חלבון + פחמימה + נוזלים ואלקטרוליטים","11253.8798828125","251","322","1052.958"," *28/11/2025 Aviel Bitton: ערב טוב סיכום ריצה: סה״כ שליטה מלאה - הורגש מאוד העומס השבועי( כל יום אימון) - ⁠כן הרגשתי את הפציעה (אגן קוקיס ברכיים), לא כאב אבל כן הורגש - ⁠ממש התמקדתי בקדנס בחימום, בשאר בריצה בחלקים מסוימים - ⁠כאבה לי הבטן קל, עשיתי איזה 4 פעמים פיפי - ⁠כל הריצה נשמתי רק מהאף הייתי עם פה סגור שבת שלום מחרמנוחה ⭐️*","1.16729664802551","2.67799997329712","","173","","145","155","","","0.831099712103391","89.61","70","0","0","0","0","0","0","","","","0","0","12","56","1","0","","","","","5","5"
"Rest Day","Day Off","","","","2025-11-29","","","","","","","","","","","","","","","","","","","","","","","","","","","","","","","","","","","","","","",""
"Optional - Easy Recovery Run (RPE)","Run","הריצה צריכה להיות בקצב קל מאוד. המנטליות - ריצת התאוששות/ג׳וגינג. המספרים פחות חשוב, אך כן נכון לשמור על מאמץ יציב לאורך האימון וללא שינויי עצימות (קצב). דופק צריך להשאר נמוך ויציב, ללא מגמת עלייה.","0.5","","2025-11-30","","4885.27978515625","265","444","477.868","","0.500150799751282","2.71300005912781","","180","","139","152","","","0.841116074111064","38.51","30","0","0","0","0","0","0","","","","0","0","3","20","5","1","","","","","3","1"
"Strength","Strength","","","","2025-11-30","","0","","","","","3.67001605033875","0","","","","93","150","","","0.544912269657602","124.71","220","0","0","0","0","0","0","","","","","","","","","","","","","","",""
"Base 1 Week 3","Custom","","","","2025-12-01","","","","","","","","","","","","","","","","","","","","","","","","","","","","","","","","","","","","","","",""
"Short Hill Repetitions Run","Run","אימון עליות קצרות מאוד עצימות: כמעט מקסימלית (לא ספרינט אול אאוט) מאמץ “עצים מאוד”, אבל בלי איבוד טכניקה 90-95 אחוז ממאמץ מירבי מערכות אנרגיה עיקריות: ATP-PC (פוספוקריאטין) מיקוד ב מטרה: לפתח כוח עצבי-שרירי, גיוס יחידות מוטוריות, ושיפור היעילות והטכניקה למה זה חשוב? זה מאפשר לשלב “אימון כוח” בריצה בלי תקורה גבוהה של עומס מטבולי. חדר כושר, בלי משקולות. דופק וקצב הם מדדים פחות רלוונטיים להכתבת העצימות באימונים כאלו. קצב - העצימות הנדרשת כדי לשמר את אותו הקצב בעלייה לעומת מישור היא שונה מאוד. דופק - מגיב באיחור לעומס החיצוני שיש על הגוף, ולא ניתן לקבל פידבק מיידי על העצימות לכן נשתמש בתחושת מאמץ כדי לקבוע את העצימות. באימון הזה נכוון לתחושת מאמץ 8 מתוך 10. ניהול נכון של האימון יהיה פרוגרסיבי: ננסה לכסות יותר מרחק בכל חזרה ככל שאנחנו מתקדמים, כאשר בחזרה האחרונה אנחנו כבר מתקרבים למאמץ מקסימלי.","1","","2025-12-01","למצוא שיפוע בינוני (4-8%) ומספיק ארוך, כאשר כל אינטרוול מתחיל מאותה נקודה מקטעי ההתאוששות הם ריצה קלה מאוד לנקודת ההתחלה. דגש טכני לאימון - מקטעי ההתאוששות של 2 דק׳ מוגדרים ככה שהם לא יעברו אוטומטית באימון המובנה, על מנת לאפשר לך להגיע לאותה נקודת התחלה בכל אינטרוול. ברגע שנמצאים בנקודת ההתחלה יש ללחוץ על lap על מנת להתחיל את האינטרוול. לדאוג שזמן המנוחה נמצא ביחס של 1:4-1:6 מזמן העבודה.","9051.849609375","249","519","896.27","","1.00028717517853","2.51399993896484","","174","","143","170","","","0.800013402689169","70.92","49","7","4","0","0","0","0","","","","1","5","18","28","6","3","","","","","3","1"
"Strides + Easy Run (Pace)","Run","אימון ריצה בקצב קל לטובת הגדלת הנפח השבועי. המטרה היא לרוץ בקצב קל (זון 1-2) בו אפשר לדבר בנינוחות. אפשר לבחון את עצמך ולעשות שיחת טלפון, או לנסות לנשום מהאף בלבד. לבנות את הקצב והדופק בהדרגה. כמו כן, נבצע באימון זה סטריידס (הסבר ודגשים למטה)","1.01666666666667","","2025-12-03","סטריידס הוא סוג של ריצת ספרינט מתפתחת במאמץ תת-מירבי = 85-95% מהמהירות המירבית שלך. המהירות צריכה להתפתח בהדרגה, עם הרבה מאוד תשומת לב לטכניקה, אחיזת הגוף, תנועות הידיים, והפעלת הכוח. ביצוע של התרגול הזה מראה שיפור ביעילות הריצה אצל ספורטאים גם במהירויות נמוכות יותר. זה לא צריך להיות ספרינט אול-אאוט, אלא ספרינט נשלט ונינוח במובן מסוים. הסבר על סטריידס בסרטון. כדאי לצפות לפחות ב-3 דק׳ הראשונות במידה ומבצע בפעמים הראשונות (אבל שווה להשקיע עוד 4 דק׳ ולסיים את הסרטון): https://www.youtube.com/watch?v=jdjjl7LI9hQ&t=41s באימונים המובנים ניתן להתעלם מהערכים המוגדרים (קצב/דופק) - הם רק לטובת יצירת מסגרת הזמנים של אינטרוול/מנוחה","10005.849609375","252","545","942.449","","1.03906941413879","2.67499995231628","","181","","154","197","","","0.838146655567233","80.92","36","18","1","3","2","2","0","","","","1","0","23","32","3","3","","","","","3","1"
"Strength","Strength","","","","2025-12-04","","0","","","","","2.01123428344727","0","","","","105","144","","","0.573853812248521","74.66","121","0","0","0","0","0","0","","","","","","","","","","","","","","",""
"5km Hever Race","Run","","0.559166666666667","5000","2025-12-05","","5108.27001953125","238","370","526.516","","0.613842487335205","2.31200003623962","","170","","129","159","","","0.724880970246201","35.3","36","1","0","0","0","0","0","","","","1","1","20","12","3","0","","","","","2","1"
"Long Slow Distance (LSD) Pace","Run","מטרת האימון: עבודה מתחת לסף הראשון - שיפור היעילות המטבולית (שימוש בשומן), צפיפות המיטוכונדריה, נפח הפעימה, יעילות ריצה. כל אלו קריטיים כדי להצליח לשפר את היכולת להחזיק לאורך זמן במהירויות גבוהות יותר. יש להעזר בתחושת המאמץ (RPE) לקבוע את הקצב המדויק שלך בתוך טווח זה. לכוון לקצב שמרגיש נוח מאוד, שאינו עולה על 3 בסולם של 1-10. זה מסוג האימונים שצריכים לעמוד במבחן הדיבור. לפי העייפות, מזג האוויר, טופוגרפיה, וגורמים אחרים, הדבר עשוי להוביל לשינויים משמעותיים בקצב שלך בין ואפילו בתוך ריצות. זה בסדר.","1.5","","2025-12-06","דגשים טכניים: שמירה על קצב אחיד במקטע זון 2, לא להתפתות להגביר את הקצב חשוב לתכנן שתייה ותזונה תוך כדי! זה חלק משמעותי בהצלחת האימון. תזונה: לפני: פחמימות בערך שעה לפני האימון, שתייה תו״כ: שתייה קבועה (כולל מלחים) בריצות מעל שעתיים - פחמימות ~60 גרם לשעה אחרי: חלבון + פחמימה + נוזלים ואלקטרוליטים","14557.1201171875","269","371","1451.512","","1.50034058094025","2.6949999332428","","177","","150","166","","","0.835598691914258","117.2","64","25","0","0","0","0","0","","","","0","0","2","73","14","1","","","","","3","1"
"Breathing","Other","","","","2025-12-06","","","","","","","0.092777781188488","","","","","61","76","","","0.53625416280951","2.79","6","0","0","0","0","0","0","","","","","","","","","","","","","","",""
"Easy Recovery Run (RPE)","Run","הריצה צריכה להיות בקצב קל מאוד. המנטליות - ריצת התאוששות/ג׳וגינג. המספרים פחות חשוב, אך כן נכון לשמור על מאמץ יציב לאורך האימון וללא שינויי עצימות (קצב). דופק צריך להשאר נמוך ויציב, ללא מגמת עלייה.","0.75","","2025-12-08","","7334.240234375","277","429","749.219","","0.750157177448273","2.71600008010864","","177","","147","161","","","0.842484635314064","58.55","41","4","0","0","0","0","0","","","","0","0","1","27","16","2","","","","","3","3"
"Base 1 Week 4 (Recovery)","Custom","","","","2025-12-08","","","","","","","","","","","","","","","","","","","","","","","","","","","","","","","","","","","","","","",""
"Strength - Upper","Strength","","","","2025-12-08","","0","","","","","2.13746070861816","0","","","","102","141","","","0.562514757365474","76.36","128","0","0","0","0","0","0","","","","","","","","","","","","","","",""
"Strength - Lower","Strength","","","","2025-12-10","","0","","","","","1.27343332767487","0","","","","95","132","","","0.549582948490186","42.86","76","0","0","0","0","0","0","","","","","","","","","","","","","","",""
"Between-Thresholds Pyramid","Run","אימון בין הסף הראשון לשני, במנטליות של שבוע התאוששות. אין צורך ללחוץ חזק בשבוע הזה. אפשר וכדאי לנצל את הריצה הזו על מנת לחדד את הקצב שנרצה לכוון אליו בטסט בהמשך השבוע.","0.816666666666667","","2025-12-10","","7764.14990234375","261","371","767.477","","0.817254185676575","2.63899993896484","","180","","152","176","","","0.827145074346185","61.63","30","12","6","1","0","0","0","","","","1","0","10","26","12","1","","","","","5","1"
"Strength - Upper","Strength","","","","2025-12-11","","","","","","","","","","","","","","","","","","","","","","","","","","","","","","","","","","","","","","",""
"Rest Day (Before Test)","Day Off","","","","2025-12-12","","","","","","","","","","","","","","","","","","","","","","","","","","","","","","","","","","","","","","",""
"Warm-up CP Test - 30min Run","Run","דגש חשוב - חובה לבצע חימום, אך הפורמט הזה הוא המלצה בלבד. ניתן לקצר אותו במידת הצורך ועל פי תחושה אישית","0.4","","2025-12-13","","3479.28002929688","248","356","348.185","","0.389683902263641","2.48000001907349","","177","","134","164","","","0.769140520036306","24.93","22","1","0","0","0","0","0","","","","0","0","7","13","2","0","","","","","2","3"
"CP Test - 30min Run (4:42/km // 187bpm)","Run","הנחיות כלליות: לבצע בתנאים סטריליים ככל הניתן - מסלול שטוח, מזג אוויר (חום/גשם/רוח חזקה = דחייה). ריצה עם רצועת דופק תקינה. מטרת הטסט: 1) קבלת פידבק על נקודת ההתחלה 2) הגדרת טווחי עבודה לפי קצב ודופק","0.5","","2025-12-13","חימום: מומלץ לבצע 15-20 דקות של ריצה מתפתחת ולאחר מכן כ-3 חזרות של 1 דק׳/400 מטר בקצב מטרה. אין בעיה לעצור בין החימום לטסט - מתיחות דינאמיות, שתיית מים וכל מה שנדרש לפני שמתחילים. ביצוע הטסט: חילוק ל 3-4 מקטעים להתחיל באופן שמרני, קצב כניסה נמוך בכמה שניות מקצב המטרה, ומשם לעלות בצורה מתונה כל מספר דקות. להשאיר הילוך נוסף לדקות האחרונות (בעיקר מנטלי!)","6390.27001953125","347","425","624.309","","0.50026524066925","3.54800009727478","","186","","181","199","","","1.10009355889956","65.88","0","1","3","11","4","4","6","","","","0","0","0","0","8","22","","","","","7","1"
"Strength","Strength","","","","2025-12-13","","0","","","","","1.91635978221893","0","","","","101","144","","","0.559578803444838","67.56","115","0","0","0","0","0","0","","","","","","","","","","","","","","",""
"Rest Day - Optional Cross-Training (Bike/Swim_","Day Off","","","","2025-12-14","","","","","","","","","","","","","","","","","","","","","","","","","","","","","","","","","","","","","","",""
"Build 1 Week 1","Custom","","","","2025-12-15","","","","","","","","","","","","","","","","","","","","","","","","","","","","","","","","","","","","","","",""
"Cruise Intervals (Sub Threshold)","Run","אימון סביב הסף השני (Threshold) ההשפעות הפיזיולוגיות העיקריות: לשפר את היכולת של הגוף לעבוד קרוב לסף השני תוך שמירה על יציבות לקטט (steady-state). שיפור בצפיפות המיטוכונדריה ויכולת ניצול חמצן העלאת הסף השני (LT2/VT2) כללים לביצוע נכון: המטרה היא לשמור על קצב יציב ונשלט, ללא פרוגרסיביות. אם האימון מחולק למקטעים (למשל 3*10 דקות/ 4*6 וכו׳), כל המקטעים צריכים להיות בקצב דומה. עדיפות למסלול שטוח, אך אם יש ירידות/עליות קלות לשמור על מאמץ - לא על קצב באילו מדדים משתמשים? קצב או וואטים הם המדויקים ביותר דופק יכול להיות כלי מעקב אבל לא להכתיב את העצימות","1.1","","2025-12-15","דגשים טכניים: יציבה ואחיזת הגוף - לא לתת לקצב המהיר לגרוע מהטכניקה. למצוא ״מהירות שיוט״ -לא להגיע לחוסר שליטה הנשימה צריכה להרגיש נשלטת ובקצב קבוע - כשהיא יוצאת משליטה זה סימן שהקצב יותר מדי מהיר. אם האימון מתחיל להרגיש מאתגר אחרי כ-15 דקות במצטבר בקצב המטרה, זה סימן שהוא מנוהל נכון תזונה: לפני: פחמימה כשעה לפני (בננה, טוסט עם ריבה וכו׳) ומים תוך כדי: בריצות קצרות (פחות מ-60 דק’) - אפשר לקחת ג׳ל אחד כ-5-10 דק׳ לפני החזרה הראשונה מעל 60 דק’ - תוספת פחמימות 30–60 גרם לשעה","11898.0302734375","298","489","1178.555"," *15/12/2025 Aviel Bitton: ריצה מצוינת, הרגשתי טוב והרגשתי חזק. התחושה הייתה זהה למטרות השבוע - קצב היה מאתגר אבל היה לי עוד הרבה מה לתת, הרגשתי מאוד טוב בכל הקצבים, מבחינת כאבים היה רק בספרינט הראשון אפשר לקרוא לזה חלודה. הרגשתי שנותן עבודה עם זאת שחזק ועקבי בקצבים. ריצה מעולה, יחסית מאושש גם אחרי עכשיו הולך לדפוק upper בחדכ*","1.10036277770996","3.00399994850159","","178","","157","185","","","0.847162913408063","87.66","31","14","20","2","0","0","0","","","","0","0","2","25","17","22","","","","","6","1"
"Strength - Upper","Strength","","","","2025-12-15","","0","","","","","2.08305335044861","0","","","","101","140","","","0.557816887188447","73.13","125","0","0","0","0","0","0","","","","","","","","","","","","","","",""
"Strength - Lower","Strength","","","","2025-12-16","","0","","","","","0.758065521717072","0","","","","80","110","","","0.524094787099357","22.9","45","0","0","0","0","0","0","","","","","","","","","","","","","","",""
"Strides + Easy Run (Pace)","Run","ריצה סביב הסף הראשון (הקצה העליון של זון 2) - המטרה היא עבודה בתחום האירובי וריצה בקצב יציב. סטריידס בסיום - מיקוד בטכניקה, נשימה, מנח גוף ותנועות הרגליים.","1.01666666666667","","2025-12-17","","10694.25","221","382","809.235"," *17/12/2025 Aviel Bitton: בוקר טוב סיכום ריצת בוקר: הייתה ריצה מעולה הרגשתי מאוד בנוח עם הקצבים, בלי כאבים בכלל. המתגברות בסוף - היו מאתגרות והרגשתי מאוד תשוש אחריהם סך הכל הרגיש מעולה* *18/12/2025 Daniel Berzan: יופי. אתה מחובר כבר למד וואטים? מאתגרות + תשישות, אתה יכול להרחיב?*","1.01697385311127","2.9210000038147","","178","","155","185","","","0.823758126195029","76.48","43","12","4","2","0","0","0","","","","0","8","46","5","0","2","","","","","6","1"
"LT1 + MP","Run","אימון נפח עם מקטעים בין הספים (סביב קצב מרתון) בחצי השני. האימון משרת מספר מטרות, מעבר להיותו אימון נפח: תרגול עמידה בקצב מטרה למרתון. פיתוח העמידות הפיזיולוגית (Durability) תרגול נוזלים ותזונה לקראת המרתון פתיחה - לשמור על קצב אחיד, זון 2, עד הגעה לבלוקים בין הספים. התאוששות בין הבלוקים - לשמור על זון 1-2 - התאוששות. תזונה: כ-60 גרם פחמימה בשעה לפחות 500 מ״ל מים בשעה אלקטרוליטים - כ500-800 מ״ג על כל ליטר (לשים לב שלפעמים בג׳לים יש כבר אלקטרוליטים, לתסף את החסר)","1.75","","2025-12-19","","17086.859375","208","300","1310.516"," *19/12/2025 Aviel Bitton: •	מבחינת הריצה – הייתה ריצה מעולה. הרגשתי טוב לאורך כל הריצה, בלי כאבים בכלל. •	הקצב היה מדויק והרגשתי מאוד בנוח, אפילו הרגשתי שיש לי עוד יכולת להמשיך מבחינת זמן. •	ניהול הג׳לים והמים היה טוב ומסודר לאורך הריצה. •	הקצבים היו יציבים וטובים. •	הקאדנס היה טוב, ובפעם הראשונה בכלל לא חשבתי עליו במהלך הריצה – והוא היה סביב ומעל 170.*","1.75053417682648","2.71099996566772","","174","","144","163","","","0.791518833433569","109.19","104","1","0","0","0","0","0","","","","0","30","73","2","0","0","","","","","4","1"
"Strength - Upper","Strength","","","","2025-12-20","","0","","","","","1.76398944854736","0","","","","97","135","","","0.545872319112057","59.06","106","0","0","0","0","0","0","","","","","","","","","","","","","","",""
"Optional - Easy Recovery Run (RPE)","Run","הריצה צריכה להיות בקצב קל מאוד. המנטליות - ריצת התאוששות/ג׳וגינג. המספרים פחות חשוב, אך כן נכון לשמור על מאמץ יציב לאורך האימון וללא שינויי עצימות (קצב). דופק צריך להשאר נמוך ויציב, ללא מגמת עלייה.","0.75","","2025-12-21","","7452.77001953125","208","255","563.966"," *21/12/2025 Aviel Bitton: בוקר טוב ריצת בוקר מעולה, קצב טוב,קאדנס טוב, אחלה דופק מבחינת האימון - עבדתי לפי power של הstryde, ניסיתי להיות בין 200-220 ולא הסתכלתי על הקצב מה המשמעות של המספרים? אין לי מושג שרירותי לגמרי אמרתי טוב ב208 מרגיש נוח בוא ישאר על הטווח שווה פעם הבאה לדייק את זה בוקר טוב ספרטה* *21/12/2025 Daniel Berzan: אחלה התנסות, רק שים לב שהאימון היום הוגדר כ-RPE. זה בכוונה ככה. המספרים לא מעניינים אותנו באימון הזה. בכל מקרה , לפי הדופק כן עושה רושם שהיית באזור נוח. אבל חשוב לא להפוך את האימון הזה לאימון שמוכוון למספרים. אם כבר השתמשת באימון לדבר על וואטים, כמה נקודות שלים לב: הדוגמא מהעלייה האחרונה יפה. אך שים לב להרבה שפיצים קטנים בוואטים. כולם בעליות. ברמת התכנון, ההסתכלות על טווח היא נכונה (200-220). שים לב שאתה עושה הפרדה בין תכנון לביצוע. בביצוע לרוב אתה מכוון כבר למספר כלשהו. לדוגמא - בתכנון קצב 5:00-5:15. בביצוע, כשאתה כבר בתוך האינטרוול/קיצה, לרוב תרצה להשאר על מאמץ קבוע. אתה תשאר כל הדרך על 5:10 (לדוגמא).*","0.750608325004578","2.75799989700317","","180","","144","154","","","0.781225878202056","50.38","45","0","0","0","0","0","0","","","","0","10","34","0","0","0","","","","","3","1"
"Build 1 Week 2","Custom","","","","2025-12-22","","","","","","","","","","","","","","","","","","","","","","","","","","","","","","","","","","","","","","",""
"Sub Threshold Extended Blocks (M)","Run","מטרה: הארכת זמן עבודה קרוב לסף בלי עלייה בלקטט דגשים: קצב אחיד לאורך שלושת המקטעים. קצב לא גורע מהטכניקה. נשימה נשלטת. אם החזרה השלישית מרגישה קשה מדי - האטה קלה, לא למשוך לקצה. מדדים: קצב או וואטים. דופק יכול להיות כלי מעקב אבל לא להכתיב את העצימות","1.15","","2025-12-22","","","","","","","","","","","","","","","","","","","","","","","","","","","","","","","","","","","","","","",""
"Strength - Lower","Strength","","","","2025-12-22","","","","","","","","","","","","","","","","","","","","","","","","","","","","","","","","","","","","","","",""
"Aerobic Run - Easy + Z2 Run","Run","זמן עבודה מתחת לסף הראשון - לשים לב לחלוקת העצימות בין ריצה קלה לריצה בזון 2. לא להפוך את כל הריצה רק כזון 2 או רק כריצה קלה.","1","","2025-12-24","","","","","","","","","","","","","","","","","","","","","","","","","","","","","","","","","","","","","","",""
"Strength - Full","Strength","","","","2025-12-25","","","","","","","","","","","","","","","","","","","","","","","","","","","","","","","","","","","","","","",""
"Long Run + Continuos MP","Run","","2","","2025-12-26","מטרה: אימון נפח + ספציפיות מרתון בעייפות מתונה. תרגול עמידה בקצב מטרה למרתון. פיתוח העמידות הפיזיולוגית (Durability) תרגול נוזלים ותזונה לקראת המרתון תזונה: כ-60 גרם פחמימה בשעה לפחות (!) 500 מ״ל מים בשעה אלקטרוליטים - כ500-800 מ״ג על כל ליטר (לשים לב שלפעמים בג׳לים יש כבר אלקטרוליטים, לתסף את החסר) ניתן להתנסות בג׳ל קפאין בשעה האחרונה.","","","","","","","","","","","","","","","","","","","","","","","","","","","","","","","","","","","","","",""
"Strength - Upper","Strength","","","","2025-12-27","","","","","","","","","","","","","","","","","","","","","","","","","","","","","","","","","","","","","","",""
"Easy Recovery Run (RPE)","Run","הריצה צריכה להיות בקצב קל מאוד. המנטליות - ריצת התאוששות/ג׳וגינג. המספרים פחות חשוב, אך כן נכון לשמור על מאמץ יציב לאורך האימון וללא שינויי עצימות (קצב). דופק צריך להשאר נמוך ויציב, ללא מגמת עלייה.","1","","2025-12-28","","","","","","","","","","","","","","","","","","","","","","","","","","","","","","","","","","","","","","",""
"Cruise Intervals (Sub Threshold)","Run","אימון סביב הסף השני (Threshold) ההשפעות הפיזיולוגיות העיקריות: לשפר את היכולת של הגוף לעבוד קרוב לסף השני תוך שמירה על יציבות לקטט (steady-state). שיפור בצפיפות המיטוכונדריה ויכולת ניצול חמצן העלאת הסף השני (LT2/VT2) כללים לביצוע נכון: המטרה היא לשמור על קצב יציב ונשלט, ללא פרוגרסיביות. אם האימון מחולק למקטעים (למשל 3*10 דקות/ 4*6 וכו׳), כל המקטעים צריכים להיות בקצב דומה. עדיפות למסלול שטוח, אך אם יש ירידות/עליות קלות לשמור על מאמץ - לא על קצב באילו מדדים משתמשים? קצב או וואטים הם המדויקים ביותר דופק יכול להיות כלי מעקב אבל לא להכתיב את העצימות","1","","2025-12-29","דגשים טכניים: יציבה ואחיזת הגוף - לא לתת לקצב המהיר לגרוע מהטכניקה. למצוא ״מהירות שיוט״ -לא להגיע לחוסר שליטה הנשימה צריכה להרגיש נשלטת ובקצב קבוע - כשהיא יוצאת משליטה זה סימן שהקצב יותר מדי מהיר. אם האימון מתחיל להרגיש מאתגר אחרי כ-15 דקות במצטבר בקצב המטרה, זה סימן שהוא מנוהל נכון תזונה: לפני: פחמימה כשעה לפני (בננה, טוסט עם ריבה וכו׳) ומים תוך כדי: בריצות קצרות (פחות מ-60 דק’) - אפשר לקחת ג׳ל אחד כ-5-10 דק׳ לפני החזרה הראשונה מעל 60 דק’ - תוספת פחמימות 30–60 גרם לשעה","","","","","","","","","","","","","","","","","","","","","","","","","","","","","","","","","","","","","",""
"Build 1 Week 3","Custom","","","","2025-12-29","","","","","","","","","","","","","","","","","","","","","","","","","","","","","","","","","","","","","","",""
"Strength - Lower","Strength","","","","2025-12-29","","","","","","","","","","","","","","","","","","","","","","","","","","","","","","","","","","","","","","",""
"Steady to MP","Run","","1.31666666666667","","2025-12-31","","","","","","","","","","","","","","","","","","","","","","","","","","","","","","","","","","","","","","",""
